{
  "01": {
    "best_epoch": 6,
    "best_val_loss": 0.7027805566787719,
    "best_val_acc": 0.4833333194255829,
    "test_loss": 0.7192130422592163,
    "test_acc": 0.40416666865348816
  },
  "02": {
    "best_epoch": 327,
    "best_val_loss": 0.6898188209533691,
    "best_val_acc": 0.5208333134651184,
    "test_loss": 0.7512871861457825,
    "test_acc": 0.4541666507720947
  },
  "03": {
    "best_epoch": 27,
    "best_val_loss": 0.631004228591919,
    "best_val_acc": 0.6625000238418579,
    "test_loss": 0.7274793958663941,
    "test_acc": 0.5291666388511658
  },
  "04": {
    "best_epoch": 103,
    "best_val_loss": 0.674473762512207,
    "best_val_acc": 0.5874999761581421,
    "test_loss": 0.7257338225841522,
    "test_acc": 0.4541666805744171
  },
  "12": {
    "best_epoch": 44,
    "best_val_loss": 0.6494993615150452,
    "best_val_acc": 0.5916666984558105,
    "test_loss": 0.8319406473636627,
    "test_acc": 0.4541666805744171
  },
  "13": {
    "best_epoch": 40,
    "best_val_loss": 0.679812285900116,
    "best_val_acc": 0.5791666507720947,
    "test_loss": 0.7298159003257751,
    "test_acc": 0.47083333134651184
  },
  "14": {
    "best_epoch": 25,
    "best_val_loss": 0.6656180882453918,
    "best_val_acc": 0.5958333015441895,
    "test_loss": 0.709958643913269,
    "test_acc": 0.5041666626930237
  },
  "23": {
    "best_epoch": 20,
    "best_val_loss": 0.6636758661270141,
    "best_val_acc": 0.6083333492279053,
    "test_loss": 0.7311939764022827,
    "test_acc": 0.5083333253860474
  },
  "24": {
    "best_epoch": 4,
    "best_val_loss": 0.6962098598480224,
    "best_val_acc": 0.5249999761581421,
    "test_loss": 0.6968373537063599,
    "test_acc": 0.4958333373069763
  },
  "34": {
    "best_epoch": 1,
    "best_val_loss": 0.6730560207366943,
    "best_val_acc": 0.6083333492279053,
    "test_loss": 0.7094045925140381,
    "test_acc": 0.5583333373069763
  }
}